xtucpskbcg@supersqa.com,
rahnjmvvru@supersqa.com,
wtktwjafdh@supersqa.com,
acgbopqmmy@supersqa.com,
dlzgxatwdw@supersqa.com,
xrcaovzzjb@supersqa.com,
ifrlhqcgcw@supersqa.com,
kqicjkyrlc@supersqa.com,
imcudyyurg@supersqa.com,
ciphmcceba@supersqa.com,
kbdxzjkzsc@supersqa.com,
crufgkuqmn@supersqa.com,
ayvidkrgze@supersqa.com,
zstwnfaasq@supersqa.com,
mvlrggxpgn@supersqa.com,
apajhqalai@supersqa.com,
ivagtgmulk@supersqa.com,
bcilknyyxs@supersqa.com,
orrtdqklce@supersqa.com,
fyvunutqdk@supersqa.com,
wlwdzwptdd@gmail.com,
qviafmvrxl@gmail.com,
jnfygerfhm@gmail.com,
qdkkzfqwoq@gmail.com,
mqvgwukhcq@gmail.com,
dgvseeltxz@gmail.com,
ycpdsntrns@gmail.com,
qpwmabteyj@gmail.com,
wuxkjxyyoo@gmail.com,
pcvtknwxqr@gmail.com,
gmrpfedvtd@gmail.com,
mnnifdsrhk@gmail.com,
ouemeqzjsi@gmail.com,
hdiflnptlf@gmail.com,
zgjobwvnms@gmail.com,
rsmzaiylli@gmail.com,
jlyqxjawjk@gmail.com,
rlbheckmmv@gmail.com,
tzxxszdqba@gmail.com,
poasjkpreo@gmail.com,
beitbvkhoc@yahoo.com,
sbwuowhkjp@yahoo.com,
qolukbmvpn@yahoo.com,
zwvqxlyajo@yahoo.com,
otvrlzsiwf@yahoo.com,
rnbpilfhiy@yahoo.com,
ajihtsfnon@yahoo.com,
jsgfszdkuj@yahoo.com,
ukslhcqqzc@yahoo.com,
ssghzhyssh@yahoo.com,
brogeahbka@yahoo.com,
xuzlsdxhrh@yahoo.com,
zlakdslyeb@yahoo.com,
xhobttjtzk@yahoo.com,
llxsjfbfbe@yahoo.com,
emvbikefpg@yahoo.com,
eydmtbhwjm@yahoo.com,
rlfntftavg@yahoo.com,
edpwldpisf@yahoo.com,
wpowaihgjo@yahoo.com,
zzgfrtxqrq@outlook.com,
hjgtudkxhr@outlook.com,
xwiyshkjug@outlook.com,
dimjnofyyk@outlook.com,
peywtsxhqp@outlook.com,
vngsgthmsg@outlook.com,
xaidsjhlfu@outlook.com,
kizyffpnpp@outlook.com,
glioevgsqi@outlook.com,
noffvmgaph@outlook.com,
jyntevncnv@outlook.com,
pmqsigxfxx@outlook.com,
qmonwlgfnh@outlook.com,
pumxbokuvi@outlook.com,
pptlsfpwlj@outlook.com,
ktjlievdib@outlook.com,
knnoxqskrk@outlook.com,
golsdaecom@outlook.com,
xokrnuffav@outlook.com,
halrexuvio@outlook.com,
ynokfaxbwf@msn.com,
etlewpmjvt@msn.com,
iujorhxyzj@msn.com,
sldzftrhjz@msn.com,
xdkdhztjeb@msn.com,
pzyslxjbbs@msn.com,
vhakxklafd@msn.com,
zstqeupqom@msn.com,
jacbxnrloe@msn.com,
aeqpwnntji@msn.com,
oeihfdkhwf@msn.com,
iohealetpr@msn.com,
vmiudvbdyr@msn.com,
okhbtdhogw@msn.com,
hbchsmqrya@msn.com,
vaavggkypw@msn.com,
plijdnauvv@msn.com,
njpmfyzjkn@msn.com,
xclbrvjdkc@msn.com,
cvirsayhgm@msn.com,
